{"last_ahr999": 0.3430932192133909, "last_pi_bottom": 1.051289938662211}