{"last_ahr999": 0.32337370191874804, "last_pi_bottom": 1.0532087318958858}