{"last_ahr999": 0.3262216931545654, "last_pi_bottom": 1.0601970450797815}