{"last_ahr999": 0.3203201972425343, "last_pi_bottom": 1.0518031304983835}