{"last_ahr999": 0.335057468205165, "last_pi_bottom": 1.0566109774902082}