{"last_ahr999": 0.354145352230435, "last_pi_bottom": 1.0461537212818968}