{"last_ahr999": 0.3468828932870841, "last_pi_bottom": 1.0468693101065507}