{"last_ahr999": 0.3374528867141647, "last_pi_bottom": 1.0556591290322976}