{"last_ahr999": 0.3337533423154975, "last_pi_bottom": 1.0492647640033883}