{"last_ahr999": 0.36237373677836504, "last_pi_bottom": 1.045708940247266}