{"last_ahr999": 0.3239446208363239, "last_pi_bottom": 1.058952071707221}