{"last_ahr999": 0.3562506773418575, "last_pi_bottom": 1.0449069593831593}