{"last_ahr999": 0.3529962623953333, "last_pi_bottom": 1.0441378254386111}