{"last_ahr999": 0.34427728107523026, "last_pi_bottom": 1.0504726600333303}