{"last_ahr999": 0.34467822813890064, "last_pi_bottom": 1.047650232662398}