{"last_ahr999": 0.31492161802047725, "last_pi_bottom": 1.057449702410092}