{"last_ahr999": 0.31286626578718335, "last_pi_bottom": 1.0611222663122488}