{"last_ahr999": 0.3376027545025771, "last_pi_bottom": 1.0545678382623846}