{"last_ahr999": 0.33675138876342936, "last_pi_bottom": 1.048325091655446}